"","last_transaction_date","sku","ye_stock_on_hand","unit_cost","count_exception","exception","actual_unit_market"
"1",2021-12-24,"AADNEHH",100,32,0,"No exception, count is accurate",32
"2",2021-12-30,"AAFPBGX",100,28,0,"No exception, count is accurate",28
"3",2021-12-25,"ACDOAAZ",100,35,0,"No exception, count is accurate",35
"4",2021-12-26,"ACNQHRE",100,34,0,"No exception, count is accurate",34
"5",2021-12-14,"ACQRBAH",100,30,0,"No exception, count is accurate",30
"6",2021-12-22,"ACXRMSE",100,35,0,"No exception, count is accurate",35
"7",2021-12-26,"ADOSYIO",100,26,0,"No exception, count is accurate",26
"8",2021-12-29,"ADTRJIC",100,31,0,"No exception, count is accurate",31
"9",2021-12-30,"AEJCFSA",100,37,0,"No exception, count is accurate",37
"10",2021-12-30,"AEQTGRP",100,25,0,"No exception, count is accurate",25
"11",2021-12-23,"AFLZJSV",100,27,0,"No exception, count is accurate",27
"12",2021-12-30,"AFYAJIK",100,30,1,"Refurbished_discount",28.725267034024
"13",2021-12-23,"AGCNQIM",100,24,0,"No exception, count is accurate",24
"14",2021-12-29,"AGEZHXM",100,33,0,"No exception, count is accurate",33
"15",2021-12-31,"AGHIPRY",100,24,0,"No exception, count is accurate",24
"16",2021-12-26,"AIAFNYK",100,28,0,"No exception, count is accurate",28
"17",2021-12-31,"AIZQJBO",100,30,0,"No exception, count is accurate",30
"18",2021-12-29,"AJKORUO",100,27,0,"No exception, count is accurate",27
"19",2021-12-24,"AKFLLOG",100,31,0,"No exception, count is accurate",31
"20",2021-12-27,"ALWRWAR",100,33,0,"No exception, count is accurate",33
"21",2021-12-28,"AMKIUKC",100,28,0,"No exception, count is accurate",28
"22",2021-12-22,"AMLFWVI",100,29,0,"No exception, count is accurate",29
"23",2021-12-31,"AMQVIAL",100,35,0,"No exception, count is accurate",35
"24",2021-12-31,"ANMHCKF",100,35,0,"No exception, count is accurate",35
"25",2021-12-24,"AOHAAQP",100,26,0,"No exception, count is accurate",26
"26",2021-12-30,"AONHKJO",100,28,0,"No exception, count is accurate",28
"27",2021-12-18,"APMYZOY",100,33,0,"No exception, count is accurate",33
"28",2021-12-15,"AQGBUFS",100,26,0,"No exception, count is accurate",26
"29",2021-12-27,"AQWFHRW",100,37,0,"No exception, count is accurate",37
"30",2021-12-25,"ASEQMYX",100,25,0,"No exception, count is accurate",25
"31",2021-12-21,"ASIJADV",100,30,0,"No exception, count is accurate",30
"32",2021-12-27,"ATSHOYI",100,28,1,"Misclassified",26.1866170093417
"33",2021-12-31,"AUNXHDX",100,25,0,"No exception, count is accurate",25
"34",2021-12-28,"AUPYPKB",100,34,0,"No exception, count is accurate",34
"35",2021-12-21,"AUTRSRF",100,37,0,"No exception, count is accurate",37
"36",2021-12-31,"AVMWBWQ",100,27,0,"No exception, count is accurate",27
"37",2021-12-31,"AWKTHRO",100,34,0,"No exception, count is accurate",34
"38",2021-12-27,"AWOOKVD",100,32,0,"No exception, count is accurate",32
"39",2021-12-22,"AWZROHL",100,25,0,"No exception, count is accurate",25
"40",2021-12-25,"AXSQMGX",100,29,0,"No exception, count is accurate",29
"41",2021-12-30,"AYCAFJC",100,28,0,"No exception, count is accurate",28
"42",2021-12-31,"BAYIRTP",100,33,0,"No exception, count is accurate",33
"43",2021-12-27,"BBVKGVN",100,34,0,"No exception, count is accurate",34
"44",2021-12-29,"BBVWKLA",100,30,0,"No exception, count is accurate",30
"45",2021-12-29,"BCFPRIY",100,29,0,"No exception, count is accurate",29
"46",2021-12-24,"BDVQXSF",100,26,0,"No exception, count is accurate",26
"47",2021-12-30,"BDZINJJ",100,30,0,"No exception, count is accurate",30
"48",2021-12-30,"BFQGBRA",100,22,0,"No exception, count is accurate",22
"49",2021-12-28,"BFUUUSM",100,32,0,"No exception, count is accurate",32
"50",2021-12-21,"BGDWUIJ",100,33,0,"No exception, count is accurate",33
"51",2021-12-28,"BGFORMF",100,31,1,"Misclassified",20.5386459000874
"52",2021-12-27,"BGNFTUY",100,29,0,"No exception, count is accurate",29
"53",2021-12-28,"BHENGMS",100,31,0,"No exception, count is accurate",31
"54",2021-12-16,"BIDMHPP",100,33,0,"No exception, count is accurate",33
"55",2021-12-29,"BIGWTBG",100,21,0,"No exception, count is accurate",21
"56",2021-12-31,"BISJXTL",100,26,0,"No exception, count is accurate",26
"57",2021-12-23,"BKSBMYF",100,27,0,"No exception, count is accurate",27
"58",2021-12-23,"BKSMRRP",100,27,0,"No exception, count is accurate",27
"59",2021-12-31,"BKVYYWY",100,25,0,"No exception, count is accurate",25
"60",2021-12-29,"BLLNUHU",100,36,0,"No exception, count is accurate",36
"61",2021-12-25,"BLXWDOX",100,43,0,"No exception, count is accurate",43
"62",2021-12-30,"BNCZSBG",100,24,0,"No exception, count is accurate",24
"63",2021-12-29,"BNUZFFS",100,27,0,"No exception, count is accurate",27
"64",2021-12-14,"BOVBXMP",100,26,0,"No exception, count is accurate",26
"65",2021-12-31,"BPQUSMP",100,26,0,"No exception, count is accurate",26
"66",2021-12-22,"BPRSUSB",100,30,0,"No exception, count is accurate",30
"67",2021-12-31,"BROMQYM",100,23,0,"No exception, count is accurate",23
"68",2021-12-30,"BSVFBDD",100,31,0,"No exception, count is accurate",31
"69",2021-12-30,"BURUTCH",100,21,0,"No exception, count is accurate",21
"70",2021-12-28,"BVBHYVP",100,21,0,"No exception, count is accurate",21
"71",2021-12-31,"BWCWYBE",100,30,1,"Misclassified",14.0053441794589
"72",2021-12-30,"BWFCPZB",100,22,0,"No exception, count is accurate",22
"73",2021-12-20,"BXCMBGJ",100,28,0,"No exception, count is accurate",28
"74",2021-12-29,"BXEFJRL",100,25,0,"No exception, count is accurate",25
"75",2021-12-29,"BXZWUDX",100,30,0,"No exception, count is accurate",30
"76",2021-12-31,"BYIDVQD",100,24,0,"No exception, count is accurate",24
"77",2021-12-22,"BYUGQFX",100,23,0,"No exception, count is accurate",23
"78",2021-12-30,"CAUKAWF",100,25,0,"No exception, count is accurate",25
"79",2021-12-29,"CBDBJSH",100,33,0,"No exception, count is accurate",33
"80",2021-12-26,"CCEXJHP",100,31,0,"No exception, count is accurate",31
"81",2021-12-26,"CCGLSLH",100,37,0,"No exception, count is accurate",37
"82",2021-12-25,"CDFGTPX",100,20,0,"No exception, count is accurate",20
"83",2021-12-30,"CESMDML",100,23,0,"No exception, count is accurate",23
"84",2021-12-28,"CFRAVBY",100,33,0,"No exception, count is accurate",33
"85",2021-12-31,"CGYEJHC",100,45,0,"No exception, count is accurate",45
"86",2021-12-25,"CHELCST",100,24,0,"No exception, count is accurate",24
"87",2021-12-31,"CHKBIFL",100,44,0,"No exception, count is accurate",44
"88",2021-12-28,"CHPUIXH",100,27,1,"Refurbished_discount",17.9444786086679
"89",2021-12-30,"CICFKUJ",100,24,0,"No exception, count is accurate",24
"90",2021-12-18,"CIHTBFO",100,40,0,"No exception, count is accurate",40
"91",2021-12-30,"CJBGRWO",100,29,0,"No exception, count is accurate",29
"92",2021-12-26,"CJDWKVI",100,25,0,"No exception, count is accurate",25
"93",2021-12-26,"CKRSVPS",100,44,0,"No exception, count is accurate",44
"94",2021-12-14,"CKTKGNT",100,25,0,"No exception, count is accurate",25
"95",2021-12-31,"CMJNYFN",100,24,0,"No exception, count is accurate",24
"96",2021-12-29,"CMRYCZC",100,31,0,"No exception, count is accurate",31
"97",2021-12-26,"CMWWCGG",100,27,0,"No exception, count is accurate",27
"98",2021-12-31,"CNWBZQG",100,22,0,"No exception, count is accurate",22
"99",2021-12-29,"CNXUPSP",100,27,0,"No exception, count is accurate",27
"100",2021-12-28,"COSVCQZ",100,22,0,"No exception, count is accurate",22
"101",2021-12-30,"COYQQTQ",100,33,0,"No exception, count is accurate",33
"102",2021-12-30,"CPKRKYN",100,32,0,"No exception, count is accurate",32
"103",2021-12-30,"CQJVOIG",100,36,0,"No exception, count is accurate",36
"104",2021-12-31,"CQOZYZD",100,28,0,"No exception, count is accurate",28
"105",2021-12-30,"CQVCDRB",100,29,0,"No exception, count is accurate",29
"106",2021-12-25,"CQWSBHP",100,31,0,"No exception, count is accurate",31
"107",2021-12-24,"CQYLUDX",100,34,0,"No exception, count is accurate",34
"108",2021-12-31,"CREGQKF",100,27,0,"No exception, count is accurate",27
"109",2021-12-31,"CRJQHMX",100,32,0,"No exception, count is accurate",32
"110",2021-12-27,"CSEYOLP",100,28,0,"No exception, count is accurate",28
"111",2021-12-28,"CVTAJDH",100,44,0,"No exception, count is accurate",44
"112",2021-12-29,"CWNGGXE",100,22,0,"No exception, count is accurate",22
"113",2021-12-31,"CXJAUYI",100,28,0,"No exception, count is accurate",28
"114",2021-12-29,"CXPXQVN",100,26,0,"No exception, count is accurate",26
"115",2021-12-30,"CXUBFZR",100,30,0,"No exception, count is accurate",30
"116",2021-12-31,"CYHGAIF",100,23,0,"No exception, count is accurate",23
"117",2021-12-27,"DBSJXQC",100,25,0,"No exception, count is accurate",25
"118",2021-12-24,"DDFGJXI",100,41,0,"No exception, count is accurate",41
"119",2021-12-30,"DEHKOMP",100,35,0,"No exception, count is accurate",35
"120",2021-12-26,"DEIRHLF",100,30,0,"No exception, count is accurate",30
"121",2021-12-27,"DEJXUGR",100,34,0,"No exception, count is accurate",34
"122",2021-12-28,"DGRQBWZ",100,27,0,"No exception, count is accurate",27
"123",2021-12-24,"DGYTKHS",100,30,0,"No exception, count is accurate",30
"124",2021-12-31,"DHELEND",100,41,0,"No exception, count is accurate",41
"125",2021-12-31,"DHXSUCF",100,23,0,"No exception, count is accurate",23
"126",2021-12-31,"DIRTWYR",100,26,0,"No exception, count is accurate",26
"127",2021-12-30,"DJCGRXL",100,24,0,"No exception, count is accurate",24
"128",2021-12-16,"DJOVKFW",100,26,0,"No exception, count is accurate",26
"129",2021-12-27,"DJXBTMZ",100,36,0,"No exception, count is accurate",36
"130",2021-12-23,"DJYHXZE",100,28,0,"No exception, count is accurate",28
"131",2021-12-27,"DKEYKOY",100,31,0,"No exception, count is accurate",31
"132",2021-12-26,"DKHDSFJ",100,30,0,"No exception, count is accurate",30
"133",2021-12-30,"DKKXEOH",100,39,0,"No exception, count is accurate",39
"134",2021-12-31,"DKSFRAH",100,26,0,"No exception, count is accurate",26
"135",2021-12-30,"DLBVARC",100,31,0,"No exception, count is accurate",31
"136",2021-12-20,"DLIDRJO",100,31,0,"No exception, count is accurate",31
"137",2021-12-30,"DLWFVYS",100,36,0,"No exception, count is accurate",36
"138",2021-12-28,"DLYBCMG",100,26,0,"No exception, count is accurate",26
"139",2021-12-24,"DMSMFUG",100,36,0,"No exception, count is accurate",36
"140",2021-12-30,"DNCFXFI",100,21,0,"No exception, count is accurate",21
"141",2021-12-30,"DNYMOEA",100,19,0,"No exception, count is accurate",19
"142",2021-12-29,"DNZKHES",100,30,0,"No exception, count is accurate",30
"143",2021-12-27,"DOINTLM",100,29,0,"No exception, count is accurate",29
"144",2021-12-31,"DPXIKLN",100,33,0,"No exception, count is accurate",33
"145",2021-12-28,"DRPNGWX",100,34,0,"No exception, count is accurate",34
"146",2021-12-29,"DSHGXTW",100,25,0,"No exception, count is accurate",25
"147",2021-12-29,"DSKRGXD",100,29,1,"Refurbished_discount",0.163927829824388
"148",2021-12-28,"DTGVDPA",100,22,0,"No exception, count is accurate",22
"149",2021-12-29,"DTUWRLA",100,23,0,"No exception, count is accurate",23
"150",2021-12-29,"DTVBJEW",100,31,0,"No exception, count is accurate",31
"151",2021-12-28,"DVVTXXD",100,19,0,"No exception, count is accurate",19
"152",2021-12-27,"DVXQHHC",100,25,0,"No exception, count is accurate",25
"153",2021-12-31,"DWHFYBZ",100,21,0,"No exception, count is accurate",21
"154",2021-12-29,"DWOLSSW",100,22,0,"No exception, count is accurate",22
"155",2021-12-17,"DXBCRIG",100,30,0,"No exception, count is accurate",30
"156",2021-12-29,"DXVEUKJ",100,32,0,"No exception, count is accurate",32
"157",2021-12-28,"DXXKKWE",100,31,0,"No exception, count is accurate",31
"158",2021-12-24,"DYQTXDW",100,16,0,"No exception, count is accurate",16
"159",2021-12-29,"DZKJUVX",100,38,0,"No exception, count is accurate",38
"160",2021-12-23,"DZNCDUT",100,30,0,"No exception, count is accurate",30
"161",2021-12-31,"DZYOEZX",100,36,0,"No exception, count is accurate",36
"162",2021-12-25,"EAJCLJX",100,27,0,"No exception, count is accurate",27
"163",2021-12-26,"EAJJSGD",100,33,0,"No exception, count is accurate",33
"164",2021-12-14,"EAUSKUN",100,28,0,"No exception, count is accurate",28
"165",2021-12-28,"EAWPQWC",100,33,0,"No exception, count is accurate",33
"166",2021-12-31,"EAYSXBJ",100,23,0,"No exception, count is accurate",23
"167",2021-12-29,"ECUDQQP",100,34,0,"No exception, count is accurate",34
"168",2021-12-30,"EGEMKAV",100,29,0,"No exception, count is accurate",29
"169",2021-12-28,"EGHJPVM",100,27,0,"No exception, count is accurate",27
"170",2021-12-30,"EGYRIFG",100,30,0,"No exception, count is accurate",30
"171",2021-12-24,"EHVPULC",100,39,0,"No exception, count is accurate",39
"172",2021-12-26,"EJDKJLD",100,36,0,"No exception, count is accurate",36
"173",2021-12-22,"EJFGZQF",100,26,0,"No exception, count is accurate",26
"174",2021-12-28,"EJHCCDU",100,25,0,"No exception, count is accurate",25
"175",2021-12-31,"EKAWORI",100,18,1,"Obsolete_markdown",3.56661204993725
"176",2021-12-28,"EKMTDVB",100,29,0,"No exception, count is accurate",29
"177",2021-12-30,"EKSHFFF",100,25,0,"No exception, count is accurate",25
"178",2021-12-24,"EMLLQRV",100,32,0,"No exception, count is accurate",32
"179",2021-12-28,"EMZJEAI",100,29,0,"No exception, count is accurate",29
"180",2021-12-31,"EQUSJXR",100,26,0,"No exception, count is accurate",26
"181",2021-12-23,"EQWRHLR",100,42,0,"No exception, count is accurate",42
"182",2021-12-27,"ERBDORZ",100,37,0,"No exception, count is accurate",37
"183",2021-12-29,"ERFSOLQ",100,27,0,"No exception, count is accurate",27
"184",2021-12-25,"ERPNROI",100,24,0,"No exception, count is accurate",24
"185",2021-12-27,"ERRDNQR",100,41,0,"No exception, count is accurate",41
"186",2021-12-28,"ESPZBBN",100,38,0,"No exception, count is accurate",38
"187",2021-12-31,"ETMXEKN",100,33,0,"No exception, count is accurate",33
"188",2021-12-22,"EUAGXWP",100,27,0,"No exception, count is accurate",27
"189",2021-12-31,"EUPKVZM",100,24,0,"No exception, count is accurate",24
"190",2021-12-28,"EUROPPY",100,29,0,"No exception, count is accurate",29
"191",2021-12-23,"EWEDERG",100,31,0,"No exception, count is accurate",31
"192",2021-12-29,"EWMYSVW",100,25,1,"Refurbished_discount",19.5202600210905
"193",2021-12-29,"EXNJUVB",100,34,0,"No exception, count is accurate",34
"194",2021-12-24,"EXWXLCR",100,34,0,"No exception, count is accurate",34
"195",2021-12-29,"EYAIHHA",100,30,0,"No exception, count is accurate",30
"196",2021-12-30,"FBTQBXR",100,29,0,"No exception, count is accurate",29
"197",2021-12-30,"FCCLMUJ",100,19,0,"No exception, count is accurate",19
"198",2021-12-28,"FCGLFWA",100,23,0,"No exception, count is accurate",23
"199",2021-12-23,"FCKGNKK",NA,NA,0,"No exception, count is accurate",NA
"200",2021-12-31,"FCSGCTT",100,35,0,"No exception, count is accurate",35
"201",2021-12-31,"FDCZBKW",100,13,0,"No exception, count is accurate",13
"202",2021-12-31,"FDLOMXB",100,29,0,"No exception, count is accurate",29
"203",2021-12-29,"FEDLFXE",100,29,0,"No exception, count is accurate",29
"204",2021-12-30,"FERWNHD",100,24,0,"No exception, count is accurate",24
"205",2021-12-30,"FFTGBWM",100,33,0,"No exception, count is accurate",33
"206",2021-12-30,"FFUTXPP",100,27,0,"No exception, count is accurate",27
"207",2021-12-31,"FHUZZIB",100,34,0,"No exception, count is accurate",34
"208",2021-12-25,"FIPBOVF",100,28,0,"No exception, count is accurate",28
"209",2021-12-27,"FKZURXB",100,27,0,"No exception, count is accurate",27
"210",2021-12-28,"FMEOJSB",100,30,1,"Misclassified",0.814760075882077
"211",2021-12-31,"FMSQQSJ",100,25,0,"No exception, count is accurate",25
"212",2021-12-30,"FNGHFMN",100,37,0,"No exception, count is accurate",37
"213",2021-12-26,"FNKOHGS",100,28,0,"No exception, count is accurate",28
"214",2021-12-24,"FNOXIGU",100,31,0,"No exception, count is accurate",31
"215",2021-12-27,"FOLPBVP",100,27,0,"No exception, count is accurate",27
"216",2021-12-15,"FOLPURS",100,37,0,"No exception, count is accurate",37
"217",2021-12-30,"FOOULLS",100,24,0,"No exception, count is accurate",24
"218",2021-12-23,"FOWFQEX",100,22,0,"No exception, count is accurate",22
"219",2021-12-30,"FOWPCBN",100,32,0,"No exception, count is accurate",32
"220",2021-12-27,"FPENHEC",100,23,0,"No exception, count is accurate",23
"221",2021-12-31,"FQBLLFZ",100,36,0,"No exception, count is accurate",36
"222",2021-12-31,"FQHYIZP",100,25,0,"No exception, count is accurate",25
"223",2021-12-30,"FQXATVL",100,29,0,"No exception, count is accurate",29
"224",2021-12-27,"FRGNNQE",100,26,1,"Misclassified",2.69350450532511
"225",2021-12-26,"FSNZUZG",100,26,0,"No exception, count is accurate",26
"226",2021-12-31,"FTHFUWN",100,26,0,"No exception, count is accurate",26
"227",2021-12-28,"FVDFLIW",100,28,0,"No exception, count is accurate",28
"228",2021-12-20,"FVTENNB",100,20,0,"No exception, count is accurate",20
"229",2021-12-24,"FXJNRKI",100,30,0,"No exception, count is accurate",30
"230",2021-12-28,"FXTOLQU",100,26,0,"No exception, count is accurate",26
"231",2021-12-25,"FYFYACV",100,24,0,"No exception, count is accurate",24
"232",2021-12-27,"FYICYTJ",100,26,0,"No exception, count is accurate",26
"233",2021-12-22,"FYROZUB",100,28,0,"No exception, count is accurate",28
"234",2021-12-19,"GACKUWU",100,29,0,"No exception, count is accurate",29
"235",2021-12-22,"GALBYHS",100,30,1,"Damaged",27.7046072320081
"236",2021-12-31,"GBFFOCJ",100,24,0,"No exception, count is accurate",24
"237",2021-12-29,"GBNHGAR",100,24,0,"No exception, count is accurate",24
"238",2021-12-30,"GBVLCAK",100,31,0,"No exception, count is accurate",31
"239",2021-12-31,"GCKAJOG",100,34,1,"Misclassified",26.5693317879923
"240",2021-12-12,"GFHJOGM",100,35,0,"No exception, count is accurate",35
"241",2021-12-30,"GFJLRUJ",100,26,0,"No exception, count is accurate",26
"242",2021-12-31,"GGSPOKR",100,35,0,"No exception, count is accurate",35
"243",2021-12-22,"GGZXOCK",100,19,1,"Misclassified",14.3681675267871
"244",2021-12-27,"GJDGDBO",100,27,0,"No exception, count is accurate",27
"245",2021-12-27,"GJSMCEJ",100,31,0,"No exception, count is accurate",31
"246",2021-12-30,"GJWHSEB",100,29,0,"No exception, count is accurate",29
"247",2021-12-27,"GKMUKER",100,28,0,"No exception, count is accurate",28
"248",2021-12-31,"GKPUCRF",100,26,0,"No exception, count is accurate",26
"249",2021-12-29,"GKSKGNA",100,30,0,"No exception, count is accurate",30
"250",2021-12-15,"GLUJFRJ",100,34,0,"No exception, count is accurate",34
"251",2021-12-31,"GMFJVXK",100,25,0,"No exception, count is accurate",25
"252",2021-12-27,"GNOQUOB",100,37,0,"No exception, count is accurate",37
"253",2021-12-28,"GOYIDRJ",100,34,0,"No exception, count is accurate",34
"254",2021-12-30,"GQKKFTP",100,39,0,"No exception, count is accurate",39
"255",2021-12-26,"GQPUWVY",100,24,1,"Open_box",22.0909704007208
"256",2021-12-25,"GRHYVSR",100,30,0,"No exception, count is accurate",30
"257",2021-12-29,"GSFWBUM",100,27,0,"No exception, count is accurate",27
"258",2021-12-27,"GSMNNGV",100,25,0,"No exception, count is accurate",25
"259",2021-12-27,"GSPSUYF",100,34,0,"No exception, count is accurate",34
"260",2021-12-31,"GTATTCD",100,31,0,"No exception, count is accurate",31
"261",2021-12-29,"GTVWDJR",100,31,0,"No exception, count is accurate",31
"262",2021-12-27,"GUNUTYJ",100,25,0,"No exception, count is accurate",25
"263",2021-12-23,"GVGHLRS",100,28,0,"No exception, count is accurate",28
"264",2021-12-27,"GXBLFDO",100,36,1,"Damaged",14.4390171440318
"265",2021-12-15,"GXPRDLH",100,23,0,"No exception, count is accurate",23
"266",2021-12-31,"GYUCTSQ",100,30,0,"No exception, count is accurate",30
"267",2021-12-22,"GZCBWSY",100,30,0,"No exception, count is accurate",30
"268",2021-12-29,"HAFSODN",100,38,0,"No exception, count is accurate",38
"269",2021-12-31,"HCLNOKS",100,38,0,"No exception, count is accurate",38
"270",2021-12-31,"HDQSOJS",100,23,0,"No exception, count is accurate",23
"271",2021-12-25,"HECJLGC",100,21,0,"No exception, count is accurate",21
"272",2021-12-24,"HEEXAXP",100,25,0,"No exception, count is accurate",25
"273",2021-12-30,"HEJPQTP",100,25,0,"No exception, count is accurate",25
"274",2021-12-31,"HEXNHBH",100,23,0,"No exception, count is accurate",23
"275",2021-12-20,"HFXZFIE",100,29,0,"No exception, count is accurate",29
"276",2021-12-28,"HGASBLF",100,28,0,"No exception, count is accurate",28
"277",2021-12-31,"HGUTUBT",100,29,0,"No exception, count is accurate",29
"278",2021-12-25,"HHXKGEL",100,20,0,"No exception, count is accurate",20
"279",2021-12-24,"HKFKHHF",100,35,0,"No exception, count is accurate",35
"280",2021-12-31,"HKHZFAM",100,34,0,"No exception, count is accurate",34
"281",2021-12-29,"HKSIHTF",100,31,0,"No exception, count is accurate",31
"282",2021-12-26,"HKURBVT",100,45,0,"No exception, count is accurate",45
"283",2021-12-23,"HMAXRRO",100,25,0,"No exception, count is accurate",25
"284",2021-12-31,"HNCLGJR",100,34,0,"No exception, count is accurate",34
"285",2021-12-28,"HNCNXOP",100,27,0,"No exception, count is accurate",27
"286",2021-12-31,"HNCQATN",100,34,0,"No exception, count is accurate",34
"287",2021-12-09,"HNZJPIU",100,30,0,"No exception, count is accurate",30
"288",2021-12-30,"HORLDYG",100,27,0,"No exception, count is accurate",27
"289",2021-12-28,"HPBXEHQ",100,31,0,"No exception, count is accurate",31
"290",2021-12-26,"HPTPOIR",100,35,0,"No exception, count is accurate",35
"291",2021-12-31,"HQLCKYQ",100,28,0,"No exception, count is accurate",28
"292",2021-12-17,"HQRQXTL",100,39,0,"No exception, count is accurate",39
"293",2021-12-27,"HQUVZEJ",100,35,0,"No exception, count is accurate",35
"294",2021-12-26,"HREBITI",100,28,0,"No exception, count is accurate",28
"295",2021-12-27,"HRKRRLQ",100,29,0,"No exception, count is accurate",29
"296",2021-12-30,"HRSCOBY",100,32,0,"No exception, count is accurate",32
"297",2021-12-25,"HRVYLQI",100,34,0,"No exception, count is accurate",34
"298",2021-12-28,"HSAFBZR",100,33,0,"No exception, count is accurate",33
"299",2021-12-26,"HSHJCBA",100,29,0,"No exception, count is accurate",29
"300",2021-12-31,"HVORRYT",100,28,0,"No exception, count is accurate",28
"301",2021-12-26,"HWDIAAC",100,32,0,"No exception, count is accurate",32
"302",2021-12-27,"HWHNRLM",100,33,1,"Open_box",6.55559005052783
"303",2021-12-23,"HWMKHSA",100,25,0,"No exception, count is accurate",25
"304",2021-12-26,"HWSYXJF",100,41,1,"Obsolete_markdown",37.0597337377258
"305",2021-12-31,"HYDZHHX",100,19,0,"No exception, count is accurate",19
"306",2021-12-31,"HZBUJES",100,42,0,"No exception, count is accurate",42
"307",2021-12-31,"IBJTJGP",100,24,0,"No exception, count is accurate",24
"308",2021-12-31,"IBQYOZP",100,28,1,"Refurbished_discount",11.1632414674386
"309",2021-12-31,"IBVDHQY",100,19,0,"No exception, count is accurate",19
"310",2021-12-28,"IDGYCBC",100,22,0,"No exception, count is accurate",22
"311",2021-12-31,"IDOFTRN",100,30,0,"No exception, count is accurate",30
"312",2021-12-30,"IEWCNSP",100,25,0,"No exception, count is accurate",25
"313",2021-12-25,"IFHSDCT",100,31,0,"No exception, count is accurate",31
"314",2021-12-26,"IFZUXDV",100,27,0,"No exception, count is accurate",27
"315",2021-12-31,"IGHOGDG",100,30,0,"No exception, count is accurate",30
"316",2021-12-24,"IHDBAWP",100,36,0,"No exception, count is accurate",36
"317",2021-12-31,"IJAHYIW",100,33,0,"No exception, count is accurate",33
"318",2021-12-30,"ILAGXYJ",100,35,0,"No exception, count is accurate",35
"319",2021-12-31,"IMMLUJJ",100,39,0,"No exception, count is accurate",39
"320",2021-12-27,"INDYBRZ",100,43,0,"No exception, count is accurate",43
"321",2021-12-29,"INKNZAB",100,22,0,"No exception, count is accurate",22
"322",2021-12-29,"INMFEIS",100,32,0,"No exception, count is accurate",32
"323",2021-12-30,"IOWZHNT",100,28,0,"No exception, count is accurate",28
"324",2021-12-28,"IOZREKB",100,29,0,"No exception, count is accurate",29
"325",2021-12-31,"IRRMNIC",100,32,0,"No exception, count is accurate",32
"326",2021-12-31,"IRULFJS",100,27,0,"No exception, count is accurate",27
"327",2021-12-31,"IRWGLDV",100,33,0,"No exception, count is accurate",33
"328",2021-12-31,"ISAKZEC",100,22,0,"No exception, count is accurate",22
"329",2021-12-27,"ITEEXNA",100,30,0,"No exception, count is accurate",30
"330",2021-12-18,"ITYQURY",100,24,0,"No exception, count is accurate",24
"331",2021-12-28,"IUIJPPK",100,30,0,"No exception, count is accurate",30
"332",2021-12-31,"IVKNWEJ",100,31,0,"No exception, count is accurate",31
"333",2021-12-11,"IVXKCAA",100,26,0,"No exception, count is accurate",26
"334",2021-12-31,"IWLYEWZ",100,37,0,"No exception, count is accurate",37
"335",2021-12-28,"IWPEFSP",100,34,0,"No exception, count is accurate",34
"336",2021-12-29,"IXGVGYZ",100,34,0,"No exception, count is accurate",34
"337",2021-12-31,"IXIONKO",100,26,0,"No exception, count is accurate",26
"338",2021-12-29,"IXTTTUP",100,30,0,"No exception, count is accurate",30
"339",2021-12-24,"IZFHBVE",100,32,0,"No exception, count is accurate",32
"340",2021-12-29,"JAWCHZI",100,30,0,"No exception, count is accurate",30
"341",2021-12-28,"JBECUNL",100,31,0,"No exception, count is accurate",31
"342",2021-12-25,"JCWXKIX",100,32,0,"No exception, count is accurate",32
"343",2021-12-23,"JDGPAWW",100,25,0,"No exception, count is accurate",25
"344",2021-12-29,"JEKNFSP",100,27,0,"No exception, count is accurate",27
"345",2021-12-25,"JFZAYHK",100,28,0,"No exception, count is accurate",28
"346",2021-12-31,"JGWCGTM",100,21,0,"No exception, count is accurate",21
"347",2021-12-27,"JHHKRXR",100,31,1,"Misclassified",4.8219560040161
"348",2021-12-29,"JIKQUWT",100,35,0,"No exception, count is accurate",35
"349",2021-12-22,"JITSTDW",100,41,0,"No exception, count is accurate",41
"350",2021-12-30,"JIWGGUL",100,44,0,"No exception, count is accurate",44
"351",2021-12-25,"JKRMNJC",100,30,0,"No exception, count is accurate",30
"352",2021-12-27,"JKVEMQK",100,24,0,"No exception, count is accurate",24
"353",2021-12-23,"JLDDRXD",100,46,0,"No exception, count is accurate",46
"354",2021-12-31,"JLJCCDG",100,33,0,"No exception, count is accurate",33
"355",2021-12-24,"JLWSYMZ",100,32,0,"No exception, count is accurate",32
"356",2021-12-26,"JNICTAY",100,31,0,"No exception, count is accurate",31
"357",2021-12-30,"JNJMYFE",100,32,0,"No exception, count is accurate",32
"358",2021-12-27,"JNTUFML",100,27,0,"No exception, count is accurate",27
"359",2021-12-31,"JNUQWRR",100,27,0,"No exception, count is accurate",27
"360",2021-12-29,"JOPBZOY",100,23,0,"No exception, count is accurate",23
"361",2021-12-29,"JPLILCW",100,34,0,"No exception, count is accurate",34
"362",2021-12-31,"JRFOCFG",100,27,0,"No exception, count is accurate",27
"363",2021-12-31,"JRMIHTB",100,34,0,"No exception, count is accurate",34
"364",2021-12-31,"JRMTIMN",100,32,0,"No exception, count is accurate",32
"365",2021-12-28,"JRSCBEL",100,40,0,"No exception, count is accurate",40
"366",2021-12-31,"JRTDEXE",100,23,0,"No exception, count is accurate",23
"367",2021-12-25,"JRVHXUU",100,24,1,"Open_box",15.4115028977394
"368",2021-12-30,"JTCSYCT",100,31,0,"No exception, count is accurate",31
"369",2021-12-26,"JTDUJAK",100,30,0,"No exception, count is accurate",30
"370",2021-12-19,"JTGPCMX",100,20,0,"No exception, count is accurate",20
"371",2021-12-31,"JTKJJBA",100,27,0,"No exception, count is accurate",27
"372",2021-12-30,"JUICJYE",100,32,0,"No exception, count is accurate",32
"373",2021-12-29,"JUTAVOY",100,24,0,"No exception, count is accurate",24
"374",2021-12-31,"JVCHWYQ",100,21,0,"No exception, count is accurate",21
"375",2021-12-26,"JVLQBCP",100,31,0,"No exception, count is accurate",31
"376",2021-12-27,"JWCXXBW",100,27,0,"No exception, count is accurate",27
"377",2021-12-31,"JWVNKMD",100,36,0,"No exception, count is accurate",36
"378",2021-12-31,"JXBKELB",100,26,0,"No exception, count is accurate",26
"379",2021-12-30,"JXLWPFU",100,37,0,"No exception, count is accurate",37
"380",2021-12-28,"JXZAXAB",100,34,0,"No exception, count is accurate",34
"381",2021-12-25,"JYGUWBW",100,28,0,"No exception, count is accurate",28
"382",2021-12-26,"JYUIKCU",100,28,1,"Open_box",7.0345175024122
"383",2021-12-30,"JYZITVT",100,38,1,"Damaged",6.59093194501474
"384",2021-12-28,"JZARRMC",100,28,0,"No exception, count is accurate",28
"385",2021-12-29,"JZOLEVG",100,37,0,"No exception, count is accurate",37
"386",2021-12-31,"JZYSCOB",100,30,0,"No exception, count is accurate",30
"387",2021-12-28,"KATKSUK",100,29,0,"No exception, count is accurate",29
"388",2021-12-14,"KBZGOUX",100,25,0,"No exception, count is accurate",25
"389",2021-12-31,"KCLOMUE",100,28,0,"No exception, count is accurate",28
"390",2021-12-29,"KCQLSNA",100,30,0,"No exception, count is accurate",30
"391",2021-12-23,"KCYZSOM",100,34,0,"No exception, count is accurate",34
"392",2021-12-28,"KDVZVRR",100,30,0,"No exception, count is accurate",30
"393",2021-12-29,"KEGAYLX",100,23,0,"No exception, count is accurate",23
"394",2021-12-31,"KEQMBQX",100,21,0,"No exception, count is accurate",21
"395",2021-12-30,"KFFPQHJ",100,25,1,"Refurbished_discount",8.03651681053452
"396",2021-12-26,"KGOLEPF",100,32,1,"Open_box",24.858863979578
"397",2021-12-31,"KGXRRIA",100,20,0,"No exception, count is accurate",20
"398",2021-12-29,"KHETMVQ",100,25,0,"No exception, count is accurate",25
"399",2021-12-19,"KHZEJIK",100,25,0,"No exception, count is accurate",25
"400",2021-12-29,"KIVAAKN",100,27,0,"No exception, count is accurate",27
"401",2021-12-30,"KIWCKNW",100,26,0,"No exception, count is accurate",26
"402",2021-12-31,"KIWWRLF",100,26,0,"No exception, count is accurate",26
"403",2021-12-29,"KJNGKHX",100,31,0,"No exception, count is accurate",31
"404",2021-12-28,"KLCEZWA",100,35,0,"No exception, count is accurate",35
"405",2021-12-29,"KLXJSDK",100,28,1,"Open_box",6.90147623326629
"406",2021-12-28,"KNGEOMD",100,28,0,"No exception, count is accurate",28
"407",2021-12-26,"KNZKLAS",100,22,0,"No exception, count is accurate",22
"408",2021-12-31,"KQLRBPG",100,35,0,"No exception, count is accurate",35
"409",2021-12-27,"KQQIBBJ",100,30,1,"Damaged",5.30705996090546
"410",2021-12-28,"KRLIBAG",100,31,0,"No exception, count is accurate",31
"411",2021-12-28,"KSKFCXR",100,32,0,"No exception, count is accurate",32
"412",2021-12-25,"KSVKPWZ",100,36,1,"Damaged",31.1489247567952
"413",2021-12-30,"KVBRPAF",100,33,0,"No exception, count is accurate",33
"414",2021-12-29,"KVPMKRG",100,28,0,"No exception, count is accurate",28
"415",2021-12-28,"KVRTWFJ",100,31,0,"No exception, count is accurate",31
"416",2021-12-30,"KXDWCIZ",100,33,0,"No exception, count is accurate",33
"417",2021-12-29,"KYBHESB",100,38,0,"No exception, count is accurate",38
"418",2021-12-31,"KYSVFLC",100,23,1,"Misclassified",21.4252501633018
"419",2021-12-31,"KZPDLNB",100,29,0,"No exception, count is accurate",29
"420",2021-12-30,"KZPTJIT",100,32,0,"No exception, count is accurate",32
"421",2021-12-28,"LAETZFO",100,32,0,"No exception, count is accurate",32
"422",2021-12-29,"LAFECHF",100,21,0,"No exception, count is accurate",21
"423",2021-12-28,"LAHDFVE",100,24,0,"No exception, count is accurate",24
"424",2021-12-30,"LAYGBLC",100,32,0,"No exception, count is accurate",32
"425",2021-12-28,"LBBIIML",100,36,0,"No exception, count is accurate",36
"426",2021-12-30,"LBQXSUN",100,32,0,"No exception, count is accurate",32
"427",2021-12-27,"LCAYWQU",100,30,1,"Misclassified",13.4207274368964
"428",2021-12-28,"LCGMRQZ",100,32,1,"Refurbished_discount",1.81869139522314
"429",2021-12-31,"LCKXIPC",100,28,0,"No exception, count is accurate",28
"430",2021-12-27,"LCRDOWM",100,21,0,"No exception, count is accurate",21
"431",2021-12-29,"LCZIXUY",100,42,0,"No exception, count is accurate",42
"432",2021-12-31,"LDXQGDP",100,27,0,"No exception, count is accurate",27
"433",2021-12-30,"LEEXFLN",100,32,0,"No exception, count is accurate",32
"434",2021-12-30,"LJICNCJ",100,31,0,"No exception, count is accurate",31
"435",2021-12-25,"LJIWYTH",100,41,0,"No exception, count is accurate",41
"436",2021-12-26,"LJRTVNY",100,31,0,"No exception, count is accurate",31
"437",2021-12-31,"LJSBUIB",100,26,0,"No exception, count is accurate",26
"438",2021-12-29,"LJWCQSE",100,31,0,"No exception, count is accurate",31
"439",2021-12-29,"LKJUGBJ",100,30,0,"No exception, count is accurate",30
"440",2021-12-31,"LLMQWUG",100,37,0,"No exception, count is accurate",37
"441",2021-12-25,"LLRPTVR",100,24,1,"Obsolete_markdown",4.95036983862519
"442",2021-12-28,"LMGJLDW",100,31,0,"No exception, count is accurate",31
"443",2021-12-22,"LMTTGVJ",100,25,0,"No exception, count is accurate",25
"444",2021-12-27,"LNWOAFQ",100,30,1,"Misclassified",4.85144721111283
"445",2021-12-29,"LOTXRLQ",100,31,0,"No exception, count is accurate",31
"446",2021-12-30,"LOUYDLP",100,32,0,"No exception, count is accurate",32
"447",2021-12-31,"LOWRKHH",100,29,1,"Open_box",22.4495220710523
"448",2021-12-21,"LPFDWIW",100,31,0,"No exception, count is accurate",31
"449",2021-12-24,"LPGQHSK",100,33,0,"No exception, count is accurate",33
"450",2021-12-28,"LPIQMYE",100,35,0,"No exception, count is accurate",35
"451",2021-12-27,"LQAVXXZ",100,34,0,"No exception, count is accurate",34
"452",2021-12-29,"LQXTBPT",100,25,0,"No exception, count is accurate",25
"453",2021-12-30,"LSOVTAZ",100,35,0,"No exception, count is accurate",35
"454",2021-12-31,"LTKPHSI",100,32,0,"No exception, count is accurate",32
"455",2021-12-27,"LTVGAFM",100,21,0,"No exception, count is accurate",21
"456",2021-12-19,"LUZQZTB",100,28,0,"No exception, count is accurate",28
"457",2021-12-31,"LWAXOOA",100,29,0,"No exception, count is accurate",29
"458",2021-12-27,"LXCWBNY",100,32,0,"No exception, count is accurate",32
"459",2021-12-29,"LXDYWBP",100,32,0,"No exception, count is accurate",32
"460",2021-12-28,"LXGNMVW",100,37,0,"No exception, count is accurate",37
"461",2021-12-29,"LXZQVYB",100,31,0,"No exception, count is accurate",31
"462",2021-12-30,"LYGGMIQ",100,23,0,"No exception, count is accurate",23
"463",2021-12-29,"LZJFUOG",100,42,0,"No exception, count is accurate",42
"464",2021-12-28,"LZPJINE",100,40,1,"Damaged",28.8112397771329
"465",2021-12-21,"LZRYAOK",100,23,0,"No exception, count is accurate",23
"466",2021-12-26,"MBUKZFG",100,26,0,"No exception, count is accurate",26
"467",2021-12-28,"MCKIGJK",100,27,0,"No exception, count is accurate",27
"468",2021-12-18,"MCNOLPW",100,27,0,"No exception, count is accurate",27
"469",2021-12-28,"MCPGEPL",100,32,1,"Open_box",10.7604652047157
"470",2021-12-26,"MDIBYEZ",100,19,1,"Obsolete_markdown",14.3979381169192
"471",2021-12-29,"MDIXJRH",100,29,1,"Damaged",25.0022606209386
"472",2021-12-27,"MDWFIHZ",100,18,0,"No exception, count is accurate",18
"473",2021-12-28,"MEMFKFK",100,19,0,"No exception, count is accurate",19
"474",2021-12-30,"MFZHIXG",100,38,0,"No exception, count is accurate",38
"475",2021-12-27,"MGIHQCY",100,30,0,"No exception, count is accurate",30
"476",2021-12-30,"MGIWSUV",100,22,0,"No exception, count is accurate",22
"477",2021-12-31,"MGLEMNS",100,24,0,"No exception, count is accurate",24
"478",2021-12-27,"MMFXJSG",100,26,0,"No exception, count is accurate",26
"479",2021-12-30,"MMXSZAQ",100,25,1,"Open_box",18.1136764585972
"480",2021-12-28,"MNDBNAC",100,32,0,"No exception, count is accurate",32
"481",2021-12-31,"MOCIDDP",100,26,0,"No exception, count is accurate",26
"482",2021-12-31,"MOVZQZU",100,41,0,"No exception, count is accurate",41
"483",2021-12-26,"MPGMAVA",100,31,1,"Damaged",15.53919342882
"484",2021-12-30,"MQOABGZ",100,30,0,"No exception, count is accurate",30
"485",2021-12-30,"MRUYHGP",100,31,0,"No exception, count is accurate",31
"486",2021-12-28,"MRVTGQF",100,44,0,"No exception, count is accurate",44
"487",2021-12-31,"MSCVXUW",100,31,0,"No exception, count is accurate",31
"488",2021-12-30,"MSGVMAQ",100,38,0,"No exception, count is accurate",38
"489",2021-12-25,"MSOOMOE",100,39,0,"No exception, count is accurate",39
"490",2021-12-27,"MTZODDC",100,31,0,"No exception, count is accurate",31
"491",2021-12-23,"MUDTEMC",100,33,1,"Damaged",17.0923945640679
"492",2021-12-29,"MUGIRQP",100,32,0,"No exception, count is accurate",32
"493",2021-12-30,"MVAARYR",100,25,0,"No exception, count is accurate",25
"494",2021-12-28,"MWDUTZC",100,25,0,"No exception, count is accurate",25
"495",2021-12-27,"NAAHQUY",100,34,0,"No exception, count is accurate",34
"496",2021-12-31,"NAGIFVZ",100,27,1,"Damaged",23.6263391599059
"497",2021-12-30,"NCFOHJJ",100,35,0,"No exception, count is accurate",35
"498",2021-12-22,"NCQEAJW",100,33,0,"No exception, count is accurate",33
"499",2021-12-29,"NDFNKYB",100,30,1,"Damaged",6.71093098819256
"500",2021-12-31,"NDRCDAF",100,24,0,"No exception, count is accurate",24
"501",2021-12-31,"NEGIGAL",100,39,0,"No exception, count is accurate",39
"502",2021-12-30,"NFITPMM",100,23,0,"No exception, count is accurate",23
"503",2021-12-26,"NFLNPIW",100,36,0,"No exception, count is accurate",36
"504",2021-12-31,"NGUWLYY",100,21,0,"No exception, count is accurate",21
"505",2021-12-30,"NIAMIYQ",100,26,0,"No exception, count is accurate",26
"506",2021-12-23,"NIBELCO",100,30,0,"No exception, count is accurate",30
"507",2021-12-31,"NIZQSGO",100,35,0,"No exception, count is accurate",35
"508",2021-12-27,"NJFSIRL",100,28,0,"No exception, count is accurate",28
"509",2021-12-30,"NJPVPWB",100,33,1,"Open_box",3.26966861542314
"510",2021-12-30,"NKYFQFQ",100,28,0,"No exception, count is accurate",28
"511",2021-12-31,"NKZFWFQ",100,21,0,"No exception, count is accurate",21
"512",2021-12-29,"NLBBRRS",100,40,0,"No exception, count is accurate",40
"513",2021-12-14,"NLIQLCY",100,25,0,"No exception, count is accurate",25
"514",2021-12-31,"NLRJMJV",100,31,0,"No exception, count is accurate",31
"515",2021-12-30,"NMKCASH",100,24,0,"No exception, count is accurate",24
"516",2021-12-29,"NMOVOCJ",100,28,0,"No exception, count is accurate",28
"517",2021-12-27,"NMZJCRZ",100,45,0,"No exception, count is accurate",45
"518",2021-12-23,"NMZNYGM",100,29,0,"No exception, count is accurate",29
"519",2021-12-29,"NNABTST",100,20,1,"Misclassified",2.21617022529244
"520",2021-12-31,"NNDPQSQ",100,25,1,"Refurbished_discount",24.8865869129077
"521",2021-12-31,"NNDTADQ",100,30,0,"No exception, count is accurate",30
"522",2021-12-28,"NPBSVYF",100,21,0,"No exception, count is accurate",21
"523",2021-12-30,"NQAHVIF",100,33,0,"No exception, count is accurate",33
"524",2021-12-26,"NQYOVOP",100,35,0,"No exception, count is accurate",35
"525",2021-12-28,"NRSVPGR",100,28,0,"No exception, count is accurate",28
"526",2021-12-31,"NRXKJCK",100,23,0,"No exception, count is accurate",23
"527",2021-12-27,"NSANFWZ",100,20,0,"No exception, count is accurate",20
"528",2021-12-30,"NSFAATW",100,24,0,"No exception, count is accurate",24
"529",2021-12-28,"NTSXPWQ",100,33,0,"No exception, count is accurate",33
"530",2021-12-26,"NVAGCBN",100,28,0,"No exception, count is accurate",28
"531",2021-12-27,"NVATFAQ",100,22,0,"No exception, count is accurate",22
"532",2021-12-31,"NVJMQZA",100,24,0,"No exception, count is accurate",24
"533",2021-12-27,"NWFLJEL",100,23,0,"No exception, count is accurate",23
"534",2021-12-22,"NWJRMHP",100,32,0,"No exception, count is accurate",32
"535",2021-12-26,"NWWCCNR",100,28,0,"No exception, count is accurate",28
"536",2021-12-29,"NXERDGO",100,35,0,"No exception, count is accurate",35
"537",2021-12-29,"NYEBCLF",100,36,0,"No exception, count is accurate",36
"538",2021-12-24,"NZHCUBQ",100,27,0,"No exception, count is accurate",27
"539",2021-12-29,"NZYVDBZ",100,37,0,"No exception, count is accurate",37
"540",2021-12-31,"OAFUEFR",100,36,0,"No exception, count is accurate",36
"541",2021-12-31,"OAHVLLJ",100,29,0,"No exception, count is accurate",29
"542",2021-12-25,"OBVUZEN",100,36,0,"No exception, count is accurate",36
"543",2021-12-30,"OCAEBXE",NA,NA,0,"No exception, count is accurate",NA
"544",2021-12-28,"OCQCTNJ",100,23,0,"No exception, count is accurate",23
"545",2021-12-27,"ODKEWCZ",100,30,0,"No exception, count is accurate",30
"546",2021-12-26,"ODOEZRQ",NA,NA,0,"No exception, count is accurate",NA
"547",2021-12-25,"OEMBOTA",100,30,0,"No exception, count is accurate",30
"548",2021-12-31,"OFNMEOY",100,28,0,"No exception, count is accurate",28
"549",2021-12-31,"OGJGSMA",100,23,0,"No exception, count is accurate",23
"550",2021-12-30,"OHDZQJP",100,31,0,"No exception, count is accurate",31
"551",2021-12-30,"OLAESIN",100,29,0,"No exception, count is accurate",29
"552",2021-12-29,"OLPNNCT",100,32,0,"No exception, count is accurate",32
"553",2021-12-23,"OMSXKPH",100,31,0,"No exception, count is accurate",31
"554",2021-12-31,"ONNFIMW",100,37,0,"No exception, count is accurate",37
"555",2021-12-29,"ONSZMGW",100,30,0,"No exception, count is accurate",30
"556",2021-12-28,"OOFSLVM",100,32,0,"No exception, count is accurate",32
"557",2021-12-28,"OOPNKVT",100,38,0,"No exception, count is accurate",38
"558",2021-12-29,"OOYJHIP",100,25,0,"No exception, count is accurate",25
"559",2021-12-31,"OPFUHLG",100,32,0,"No exception, count is accurate",32
"560",2021-12-21,"OPMOTZM",100,28,0,"No exception, count is accurate",28
"561",2021-12-28,"OQNYFMV",100,35,0,"No exception, count is accurate",35
"562",2021-12-31,"OSHEUNF",100,26,0,"No exception, count is accurate",26
"563",2021-12-27,"OSMECNX",100,26,0,"No exception, count is accurate",26
"564",2021-12-29,"OVEWHKG",100,20,0,"No exception, count is accurate",20
"565",2021-12-22,"OVQVSQT",100,33,1,"Obsolete_markdown",8.99743515369482
"566",2021-12-30,"OVWKQJD",100,35,0,"No exception, count is accurate",35
"567",2021-12-27,"OYFMIFZ",100,29,0,"No exception, count is accurate",29
"568",2021-12-28,"OYQLKZP",100,35,1,"Open_box",29.3862652138341
"569",2021-12-22,"OZLGWBL",100,32,0,"No exception, count is accurate",32
"570",2021-12-29,"OZVFQYT",100,28,0,"No exception, count is accurate",28
"571",2021-12-28,"PAACBTA",100,28,0,"No exception, count is accurate",28
"572",2021-12-31,"PACBZDC",100,28,0,"No exception, count is accurate",28
"573",2021-12-30,"PARIMCC",100,28,0,"No exception, count is accurate",28
"574",2021-12-27,"PBMNYBN",100,29,0,"No exception, count is accurate",29
"575",2021-12-30,"PCCJXQQ",100,24,0,"No exception, count is accurate",24
"576",2021-12-31,"PCIQYVA",100,31,0,"No exception, count is accurate",31
"577",2021-12-30,"PCNNLXK",100,21,0,"No exception, count is accurate",21
"578",2021-12-30,"PDOROIS",100,35,0,"No exception, count is accurate",35
"579",2021-12-29,"PEYRRCC",100,29,0,"No exception, count is accurate",29
"580",2021-12-31,"PGSNMCT",100,28,0,"No exception, count is accurate",28
"581",2021-12-31,"PIUCJPK",100,33,1,"Open_box",30.0606420482509
"582",2021-12-31,"PJIIAXD",100,37,0,"No exception, count is accurate",37
"583",2021-12-22,"PJRXZDR",100,34,0,"No exception, count is accurate",34
"584",2021-12-31,"PLTFTLO",100,39,0,"No exception, count is accurate",39
"585",2021-12-23,"PNEPCDU",100,40,0,"No exception, count is accurate",40
"586",2021-12-28,"PNJLBGS",100,24,0,"No exception, count is accurate",24
"587",2021-12-25,"PQEAEBU",100,27,0,"No exception, count is accurate",27
"588",2021-12-28,"PQFYWGA",100,23,0,"No exception, count is accurate",23
"589",2021-12-31,"PRWCJYI",100,26,1,"Refurbished_discount",17.6626852587797
"590",2021-12-29,"PRWHNRV",100,34,0,"No exception, count is accurate",34
"591",2021-12-31,"PSDMAYX",100,30,0,"No exception, count is accurate",30
"592",2021-12-28,"PSFSPMD",100,42,0,"No exception, count is accurate",42
"593",2021-12-30,"PSFUVEK",100,33,0,"No exception, count is accurate",33
"594",2021-12-28,"PUDBCRY",100,23,0,"No exception, count is accurate",23
"595",2021-12-31,"PVUHLMM",100,30,0,"No exception, count is accurate",30
"596",2021-12-26,"PXGFMAV",100,27,0,"No exception, count is accurate",27
"597",2021-12-28,"PXVVWZZ",100,26,0,"No exception, count is accurate",26
"598",2021-12-29,"PYLGHKK",100,31,0,"No exception, count is accurate",31
"599",2021-12-27,"PZNFWMT",100,31,0,"No exception, count is accurate",31
"600",2021-12-26,"QAAFSNA",100,22,0,"No exception, count is accurate",22
"601",2021-12-31,"QAEKVBK",100,32,0,"No exception, count is accurate",32
"602",2021-12-18,"QARMOYF",100,34,0,"No exception, count is accurate",34
"603",2021-12-26,"QBIMSBM",100,27,0,"No exception, count is accurate",27
"604",2021-12-31,"QCHYEUX",100,31,0,"No exception, count is accurate",31
"605",2021-12-31,"QCWQVIH",100,33,0,"No exception, count is accurate",33
"606",2021-12-24,"QDPSLCC",100,30,0,"No exception, count is accurate",30
"607",2021-12-26,"QECCKKT",100,30,0,"No exception, count is accurate",30
"608",2021-12-30,"QEDHZSD",100,22,0,"No exception, count is accurate",22
"609",2021-12-31,"QFCFHCP",100,32,0,"No exception, count is accurate",32
"610",2021-12-31,"QFGDBEV",100,30,0,"No exception, count is accurate",30
"611",2021-12-30,"QFZOBTR",100,35,0,"No exception, count is accurate",35
"612",2021-12-18,"QGBGUZO",100,35,0,"No exception, count is accurate",35
"613",2021-12-26,"QGURYVS",100,34,0,"No exception, count is accurate",34
"614",2021-12-27,"QHLCGDQ",100,37,0,"No exception, count is accurate",37
"615",2021-12-17,"QHPAWDT",100,33,0,"No exception, count is accurate",33
"616",2021-12-31,"QHVTCKY",100,30,0,"No exception, count is accurate",30
"617",2021-12-23,"QIXIGKB",100,18,0,"No exception, count is accurate",18
"618",2021-12-28,"QIZSFKV",100,25,0,"No exception, count is accurate",25
"619",2021-12-31,"QJSPMCX",100,27,0,"No exception, count is accurate",27
"620",2021-12-31,"QLTZUHV",100,32,0,"No exception, count is accurate",32
"621",2021-12-31,"QLWFBBY",100,24,0,"No exception, count is accurate",24
"622",2021-12-30,"QMCURTP",100,38,1,"Obsolete_markdown",24.7201727973297
"623",2021-12-28,"QMHYJEX",100,42,0,"No exception, count is accurate",42
"624",2021-12-14,"QNIEQWZ",100,30,1,"Misclassified",25.0177795579657
"625",2021-12-31,"QODYCLE",100,27,1,"Obsolete_markdown",24.9071979650762
"626",2021-12-31,"QPLYRZV",100,18,0,"No exception, count is accurate",18
"627",2021-12-22,"QQIYZNA",100,27,1,"Damaged",25.0347431267146
"628",2021-12-26,"QTRIZYW",100,23,0,"No exception, count is accurate",23
"629",2021-12-31,"QUJOHOK",100,41,0,"No exception, count is accurate",41
"630",2021-12-28,"QUJTJNL",100,28,0,"No exception, count is accurate",28
"631",2021-12-30,"QUXDQRH",100,26,0,"No exception, count is accurate",26
"632",2021-12-25,"QVFLOML",100,35,0,"No exception, count is accurate",35
"633",2021-12-28,"QVSRRDF",100,31,0,"No exception, count is accurate",31
"634",2021-12-25,"QVTPKNI",100,28,0,"No exception, count is accurate",28
"635",2021-12-27,"QXCZJWB",100,27,0,"No exception, count is accurate",27
"636",2021-12-31,"QXMRTCL",100,25,0,"No exception, count is accurate",25
"637",2021-12-24,"QYRPIJU",100,25,0,"No exception, count is accurate",25
"638",2021-12-24,"QYUVOOW",100,30,0,"No exception, count is accurate",30
"639",2021-12-31,"QZFWGRO",100,32,0,"No exception, count is accurate",32
"640",2021-12-31,"QZYWKWM",100,32,0,"No exception, count is accurate",32
"641",2021-12-31,"RAFBKYD",100,19,0,"No exception, count is accurate",19
"642",2021-12-30,"RAROIEH",100,32,0,"No exception, count is accurate",32
"643",2021-12-30,"RBJRJDG",100,25,0,"No exception, count is accurate",25
"644",2021-12-28,"RCAKXTB",100,24,0,"No exception, count is accurate",24
"645",2021-12-30,"RCEPOMR",100,26,0,"No exception, count is accurate",26
"646",2021-12-30,"RCZTEFC",100,32,0,"No exception, count is accurate",32
"647",2021-12-30,"RDCEJVX",100,35,0,"No exception, count is accurate",35
"648",2021-12-31,"RDTTYDZ",100,31,1,"Obsolete_markdown",12.7883148796391
"649",2021-12-27,"REIICRG",100,28,0,"No exception, count is accurate",28
"650",2021-12-26,"REWWMWR",100,28,1,"Obsolete_markdown",12.2080984860659
"651",2021-12-24,"RFCWCRP",100,28,0,"No exception, count is accurate",28
"652",2021-12-21,"RFWOYDG",100,42,0,"No exception, count is accurate",42
"653",2021-12-29,"RGBTONM",100,38,0,"No exception, count is accurate",38
"654",2021-12-24,"RGCGXAZ",100,34,0,"No exception, count is accurate",34
"655",2021-12-30,"RHCZHBK",100,25,0,"No exception, count is accurate",25
"656",2021-12-30,"RIWCMEQ",100,42,0,"No exception, count is accurate",42
"657",2021-12-31,"RJEOTRU",100,38,0,"No exception, count is accurate",38
"658",2021-12-31,"RJONYJZ",100,29,0,"No exception, count is accurate",29
"659",2021-12-31,"RJVMNUA",100,25,0,"No exception, count is accurate",25
"660",2021-12-30,"RKUJMCE",100,33,0,"No exception, count is accurate",33
"661",2021-12-28,"RMXGKDS",100,38,0,"No exception, count is accurate",38
"662",2021-12-23,"RNHTFLN",100,30,0,"No exception, count is accurate",30
"663",2021-12-31,"ROTJPDH",100,35,0,"No exception, count is accurate",35
"664",2021-12-30,"ROTLPKY",100,34,0,"No exception, count is accurate",34
"665",2021-12-28,"RPXIJOC",100,40,0,"No exception, count is accurate",40
"666",2021-12-21,"RQEFXCH",100,24,0,"No exception, count is accurate",24
"667",2021-12-27,"RRNOCYR",100,32,0,"No exception, count is accurate",32
"668",2021-12-30,"RRRPRSV",100,31,0,"No exception, count is accurate",31
"669",2021-12-31,"RSFRTNX",100,38,0,"No exception, count is accurate",38
"670",2021-12-31,"RSZFPAG",100,33,0,"No exception, count is accurate",33
"671",2021-12-29,"RTCJBOE",100,24,0,"No exception, count is accurate",24
"672",2021-12-31,"RTGZNAP",100,32,0,"No exception, count is accurate",32
"673",2021-12-30,"RUGNBTK",100,36,0,"No exception, count is accurate",36
"674",2021-12-31,"RVWHPYH",100,30,0,"No exception, count is accurate",30
"675",2021-12-27,"RWIFTAB",100,30,0,"No exception, count is accurate",30
"676",2021-12-29,"RYEOVVJ",100,24,0,"No exception, count is accurate",24
"677",2021-12-26,"RYGRNRJ",100,45,0,"No exception, count is accurate",45
"678",2021-12-30,"RYJGRGI",100,29,1,"Obsolete_markdown",8.65037034684792
"679",2021-12-31,"RYQWXKC",100,27,0,"No exception, count is accurate",27
"680",2021-12-31,"RYZQTMR",100,24,0,"No exception, count is accurate",24
"681",2021-12-23,"RZFLQYR",100,35,0,"No exception, count is accurate",35
"682",2021-12-26,"RZNISKM",100,39,0,"No exception, count is accurate",39
"683",2021-12-28,"RZNLMOK",100,26,0,"No exception, count is accurate",26
"684",2021-12-29,"RZXAPLE",100,28,0,"No exception, count is accurate",28
"685",2021-12-30,"RZZSNZG",100,20,0,"No exception, count is accurate",20
"686",2021-12-26,"SABLEIM",100,34,0,"No exception, count is accurate",34
"687",2021-12-29,"SALWCWL",100,29,0,"No exception, count is accurate",29
"688",2021-12-29,"SARYBPA",100,30,1,"Damaged",13.1186821195297
"689",2021-12-27,"SBIRYAF",100,26,0,"No exception, count is accurate",26
"690",2021-12-24,"SBYNXRT",100,27,0,"No exception, count is accurate",27
"691",2021-12-25,"SCBAPOA",100,44,0,"No exception, count is accurate",44
"692",2021-12-30,"SDQJMPT",100,21,0,"No exception, count is accurate",21
"693",2021-12-30,"SDUTHXE",100,30,0,"No exception, count is accurate",30
"694",2021-12-27,"SFFUQMA",100,33,0,"No exception, count is accurate",33
"695",2021-12-26,"SFHYVPO",100,37,0,"No exception, count is accurate",37
"696",2021-12-28,"SFOBAQW",100,20,0,"No exception, count is accurate",20
"697",2021-12-31,"SFXIKRR",100,33,0,"No exception, count is accurate",33
"698",2021-12-27,"SGFOQYC",100,38,0,"No exception, count is accurate",38
"699",2021-12-28,"SGNBWQN",100,22,0,"No exception, count is accurate",22
"700",2021-12-28,"SGXWMIM",100,36,0,"No exception, count is accurate",36
"701",2021-12-31,"SHXBULO",100,24,0,"No exception, count is accurate",24
"702",2021-12-31,"SIVQGAB",100,32,0,"No exception, count is accurate",32
"703",2021-12-27,"SJAUHQH",100,37,1,"Obsolete_markdown",22.9889102501329
"704",2021-12-29,"SJKLPDL",100,25,0,"No exception, count is accurate",25
"705",2021-12-28,"SKOIKDV",100,36,1,"Open_box",8.69683025032282
"706",2021-12-31,"SKSLVXC",100,33,0,"No exception, count is accurate",33
"707",2021-12-28,"SLOJNZH",100,31,0,"No exception, count is accurate",31
"708",2021-12-28,"SLRRIXH",100,32,0,"No exception, count is accurate",32
"709",2021-12-31,"SLTXABC",100,26,1,"Open_box",14.814109894447
"710",2021-12-28,"SMPLBAD",100,35,0,"No exception, count is accurate",35
"711",2021-12-30,"SOEOLLF",100,27,0,"No exception, count is accurate",27
"712",2021-12-30,"SPMQGGV",100,25,1,"Refurbished_discount",13.4898103657179
"713",2021-12-30,"SPZNAGA",100,27,0,"No exception, count is accurate",27
"714",2021-12-30,"SQEWGMD",100,24,0,"No exception, count is accurate",24
"715",2021-12-25,"SQSGJKE",100,23,0,"No exception, count is accurate",23
"716",2021-12-29,"SRGDJGI",100,27,0,"No exception, count is accurate",27
"717",2021-12-31,"SSGQIJK",100,30,1,"Open_box",11.4247541385703
"718",2021-12-29,"SSJFRHE",100,33,0,"No exception, count is accurate",33
"719",2021-12-28,"SSTAXQI",100,30,0,"No exception, count is accurate",30
"720",2021-12-30,"STJEXNR",100,34,0,"No exception, count is accurate",34
"721",2021-12-30,"STSDLUO",100,32,0,"No exception, count is accurate",32
"722",2021-12-30,"SWFVFGG",100,38,0,"No exception, count is accurate",38
"723",2021-12-31,"SYTORYM",100,32,1,"Refurbished_discount",6.6943097859621
"724",2021-12-25,"SZVIFNT",100,37,0,"No exception, count is accurate",37
"725",2021-12-28,"TBBKPTC",100,21,0,"No exception, count is accurate",21
"726",2021-12-26,"TBDSHMI",100,26,0,"No exception, count is accurate",26
"727",2021-12-26,"TBSCDJV",100,28,0,"No exception, count is accurate",28
"728",2021-12-29,"TCJZEZH",100,22,0,"No exception, count is accurate",22
"729",2021-12-28,"TCKRQPE",100,31,0,"No exception, count is accurate",31
"730",2021-12-22,"TDWAEZZ",100,31,0,"No exception, count is accurate",31
"731",2021-12-31,"TEQANUF",100,30,0,"No exception, count is accurate",30
"732",2021-12-31,"TFGSIIP",100,28,0,"No exception, count is accurate",28
"733",2021-12-29,"TFKHSDR",100,23,0,"No exception, count is accurate",23
"734",2021-12-31,"TFTNWPP",100,24,0,"No exception, count is accurate",24
"735",2021-12-28,"TFWKJKO",100,28,0,"No exception, count is accurate",28
"736",2021-12-20,"TGIJYOI",100,33,0,"No exception, count is accurate",33
"737",2021-12-31,"TGMARVF",100,36,0,"No exception, count is accurate",36
"738",2021-12-29,"TJDBHGE",100,32,0,"No exception, count is accurate",32
"739",2021-12-27,"TJSPDLR",100,23,0,"No exception, count is accurate",23
"740",2021-12-28,"TJWFTRB",100,31,0,"No exception, count is accurate",31
"741",2021-12-26,"TKJLTHQ",100,31,0,"No exception, count is accurate",31
"742",2021-12-30,"TMOUMSZ",100,21,0,"No exception, count is accurate",21
"743",2021-12-31,"TMZJUAB",100,27,0,"No exception, count is accurate",27
"744",2021-12-30,"TNGDHJP",100,30,1,"Damaged",27.3256604117341
"745",2021-12-25,"TNVSDVE",100,27,0,"No exception, count is accurate",27
"746",2021-12-11,"TOHGWKJ",100,31,0,"No exception, count is accurate",31
"747",2021-12-29,"TOVKPDX",100,34,0,"No exception, count is accurate",34
"748",2021-12-31,"TPCVNKA",100,25,0,"No exception, count is accurate",25
"749",2021-12-29,"TPDMJWS",100,20,0,"No exception, count is accurate",20
"750",2021-12-31,"TQXQNTD",100,26,0,"No exception, count is accurate",26
"751",2021-12-30,"TRIRZNU",100,31,0,"No exception, count is accurate",31
"752",2021-12-19,"TRKTUQE",100,18,0,"No exception, count is accurate",18
"753",2021-12-24,"TRTFDCF",NA,NA,0,"No exception, count is accurate",NA
"754",2021-12-27,"TSOSUFP",100,20,0,"No exception, count is accurate",20
"755",2021-12-30,"TTPKYJR",100,33,0,"No exception, count is accurate",33
"756",2021-12-30,"TTWUZUZ",100,25,0,"No exception, count is accurate",25
"757",2021-12-23,"TUUFIVV",100,28,0,"No exception, count is accurate",28
"758",2021-12-30,"TVRHRXE",100,44,0,"No exception, count is accurate",44
"759",2021-12-28,"TVUCGJP",100,26,1,"Misclassified",3.93872104212642
"760",2021-12-26,"TWSIBSU",100,30,0,"No exception, count is accurate",30
"761",2021-12-19,"TWSXNRZ",100,32,0,"No exception, count is accurate",32
"762",2021-12-29,"TWYBSLM",100,19,0,"No exception, count is accurate",19
"763",2021-12-25,"TXDLMTA",100,38,1,"Damaged",33.3021887568757
"764",2021-12-30,"TXDMNIY",100,30,0,"No exception, count is accurate",30
"765",2021-12-31,"TXLLIBD",100,26,0,"No exception, count is accurate",26
"766",2021-12-26,"TXSDEVE",100,24,0,"No exception, count is accurate",24
"767",2021-12-26,"TYCPQZX",100,35,0,"No exception, count is accurate",35
"768",2021-12-24,"TYVWJLG",100,27,0,"No exception, count is accurate",27
"769",2021-12-30,"UBHFPDJ",100,28,0,"No exception, count is accurate",28
"770",2021-12-30,"UBQIHGU",100,32,0,"No exception, count is accurate",32
"771",2021-12-30,"UBYRHGL",100,20,0,"No exception, count is accurate",20
"772",2021-12-23,"UCAGHHN",100,32,0,"No exception, count is accurate",32
"773",2021-12-23,"UCFFTQU",100,24,0,"No exception, count is accurate",24
"774",2021-12-24,"UCGGVPL",100,29,0,"No exception, count is accurate",29
"775",2021-12-26,"UFKQHPZ",100,37,0,"No exception, count is accurate",37
"776",2021-12-21,"UFPNYQU",100,29,0,"No exception, count is accurate",29
"777",2021-12-25,"UGTLINX",100,24,0,"No exception, count is accurate",24
"778",2021-12-29,"UHBLIEB",100,37,1,"Misclassified",1.3030428760685
"779",2021-12-31,"UHQWAYW",100,34,0,"No exception, count is accurate",34
"780",2021-12-30,"UHYIEFC",100,38,0,"No exception, count is accurate",38
"781",2021-12-26,"UIUIDCC",100,32,0,"No exception, count is accurate",32
"782",2021-12-26,"UJMUJYN",100,23,0,"No exception, count is accurate",23
"783",2021-12-29,"UJTIHNT",100,30,0,"No exception, count is accurate",30
"784",2021-12-30,"UJWWEOV",100,21,0,"No exception, count is accurate",21
"785",2021-12-25,"UKGNXAJ",100,22,0,"No exception, count is accurate",22
"786",2021-12-24,"UKHSPYZ",100,25,0,"No exception, count is accurate",25
"787",2021-12-29,"ULAAPNP",100,36,0,"No exception, count is accurate",36
"788",2021-12-31,"ULBNCRK",100,30,0,"No exception, count is accurate",30
"789",2021-12-17,"UNKOVEA",100,26,0,"No exception, count is accurate",26
"790",2021-12-30,"UNVNZUQ",100,19,0,"No exception, count is accurate",19
"791",2021-12-31,"UOJRXQI",100,35,1,"Misclassified",31.8671592709143
"792",2021-12-30,"UPLNPQK",100,44,0,"No exception, count is accurate",44
"793",2021-12-31,"UQNSAXO",100,28,0,"No exception, count is accurate",28
"794",2021-12-29,"UQTIPFY",100,29,0,"No exception, count is accurate",29
"795",2021-12-29,"URKXWEN",100,33,0,"No exception, count is accurate",33
"796",2021-12-30,"URPUOFX",100,30,0,"No exception, count is accurate",30
"797",2021-12-31,"UTKNOBJ",100,26,0,"No exception, count is accurate",26
"798",2021-12-30,"UTUSOYO",100,42,0,"No exception, count is accurate",42
"799",2021-12-30,"UUDHWLQ",100,28,0,"No exception, count is accurate",28
"800",2021-12-29,"UUHIVKA",100,24,0,"No exception, count is accurate",24
"801",2021-12-29,"UVAFIBT",100,39,0,"No exception, count is accurate",39
"802",2021-12-31,"UVIRWZC",100,30,0,"No exception, count is accurate",30
"803",2021-12-27,"UVPPMXZ",100,38,0,"No exception, count is accurate",38
"804",2021-12-28,"UWAOAMK",100,32,0,"No exception, count is accurate",32
"805",2021-12-28,"UWKWVYQ",100,32,0,"No exception, count is accurate",32
"806",2021-12-25,"UXEDWLL",100,25,0,"No exception, count is accurate",25
"807",2021-12-30,"UYEHHZC",100,32,0,"No exception, count is accurate",32
"808",2021-12-31,"UYHMBDW",100,23,1,"Damaged",12.5468690793496
"809",2021-12-31,"VAAYGVB",100,31,0,"No exception, count is accurate",31
"810",2021-12-28,"VAXFJPM",100,32,1,"Refurbished_discount",14.7613693252206
"811",2021-12-26,"VBQSFHI",100,24,0,"No exception, count is accurate",24
"812",2021-12-18,"VCQHODG",100,24,0,"No exception, count is accurate",24
"813",2021-12-23,"VDMNHIQ",100,31,1,"Obsolete_markdown",0.742755161132663
"814",2021-12-31,"VDXSZXM",100,34,0,"No exception, count is accurate",34
"815",2021-12-29,"VEHGARM",100,28,0,"No exception, count is accurate",28
"816",2021-12-28,"VFAGAUC",100,19,0,"No exception, count is accurate",19
"817",2021-12-26,"VFYTAXJ",100,28,0,"No exception, count is accurate",28
"818",2021-12-30,"VGLMRZA",100,39,0,"No exception, count is accurate",39
"819",2021-12-21,"VGYGOLP",100,26,0,"No exception, count is accurate",26
"820",2021-12-26,"VIAEIPW",100,21,0,"No exception, count is accurate",21
"821",2021-12-31,"VKJIYJU",100,25,0,"No exception, count is accurate",25
"822",2021-12-30,"VKNQIEZ",100,25,0,"No exception, count is accurate",25
"823",2021-12-17,"VKQLZHW",100,42,0,"No exception, count is accurate",42
"824",2021-12-24,"VKXJOXA",100,27,0,"No exception, count is accurate",27
"825",2021-12-28,"VLNACKZ",100,29,0,"No exception, count is accurate",29
"826",2021-12-29,"VMQSEDZ",100,22,0,"No exception, count is accurate",22
"827",2021-12-23,"VNTYNAT",100,26,1,"Obsolete_markdown",7.30706854350865
"828",2021-12-28,"VPJBCKM",100,32,0,"No exception, count is accurate",32
"829",2021-12-29,"VPTBJIP",100,23,0,"No exception, count is accurate",23
"830",2021-12-26,"VPVQLMA",100,33,0,"No exception, count is accurate",33
"831",2021-12-29,"VREXVNU",100,31,0,"No exception, count is accurate",31
"832",2021-12-31,"VSEXTLV",100,33,0,"No exception, count is accurate",33
"833",2021-12-31,"VSJJUIG",100,36,0,"No exception, count is accurate",36
"834",2021-12-29,"VTLJDMV",100,25,0,"No exception, count is accurate",25
"835",2021-12-27,"VUSKAYP",100,42,0,"No exception, count is accurate",42
"836",2021-12-31,"VVEWTSO",100,34,0,"No exception, count is accurate",34
"837",2021-12-30,"VVUTCFP",100,25,0,"No exception, count is accurate",25
"838",2021-12-30,"VWAWQNY",100,32,0,"No exception, count is accurate",32
"839",2021-12-23,"VWCHLHC",100,32,0,"No exception, count is accurate",32
"840",2021-12-31,"VWEVOEC",100,18,0,"No exception, count is accurate",18
"841",2021-12-29,"VWMGSTZ",100,31,0,"No exception, count is accurate",31
"842",2021-12-29,"VXAAYIW",100,33,0,"No exception, count is accurate",33
"843",2021-12-29,"VXEFQOX",100,28,0,"No exception, count is accurate",28
"844",2021-12-29,"VXEHQDI",100,35,0,"No exception, count is accurate",35
"845",2021-12-21,"VYNHPJJ",100,40,0,"No exception, count is accurate",40
"846",2021-12-31,"VZCIDQE",100,30,0,"No exception, count is accurate",30
"847",2021-12-27,"VZOTJXY",100,42,0,"No exception, count is accurate",42
"848",2021-12-22,"VZTDKWZ",100,24,0,"No exception, count is accurate",24
"849",2021-12-31,"VZUTWKR",100,35,0,"No exception, count is accurate",35
"850",2021-12-31,"WBSAVLO",100,26,0,"No exception, count is accurate",26
"851",2021-12-28,"WBTVATB",100,30,0,"No exception, count is accurate",30
"852",2021-12-30,"WFLLQKF",100,30,0,"No exception, count is accurate",30
"853",2021-12-18,"WFNWCWY",100,29,0,"No exception, count is accurate",29
"854",2021-12-16,"WGTTZIU",100,37,0,"No exception, count is accurate",37
"855",2021-12-31,"WHFWPQD",100,24,1,"Misclassified",2.79072457551956
"856",2021-12-29,"WISKVJZ",100,31,0,"No exception, count is accurate",31
"857",2021-12-31,"WJZLWYV",100,41,0,"No exception, count is accurate",41
"858",2021-12-22,"WKEOANB",100,34,0,"No exception, count is accurate",34
"859",2021-12-30,"WKSYWND",100,23,0,"No exception, count is accurate",23
"860",2021-12-28,"WKYTFIQ",100,24,0,"No exception, count is accurate",24
"861",2021-12-30,"WKZLBWC",100,33,0,"No exception, count is accurate",33
"862",2021-12-31,"WNRXNTY",100,28,0,"No exception, count is accurate",28
"863",2021-12-28,"WNUCCOD",100,28,0,"No exception, count is accurate",28
"864",2021-12-24,"WONXCVF",100,28,0,"No exception, count is accurate",28
"865",2021-12-25,"WOZOSPG",100,36,0,"No exception, count is accurate",36
"866",2021-12-27,"WRPOXSQ",100,26,0,"No exception, count is accurate",26
"867",2021-12-30,"WSFIDKP",100,22,0,"No exception, count is accurate",22
"868",2021-12-30,"WUSWXXN",100,30,0,"No exception, count is accurate",30
"869",2021-12-26,"WVLOPWQ",100,41,0,"No exception, count is accurate",41
"870",2021-12-31,"WVSHLRI",100,29,0,"No exception, count is accurate",29
"871",2021-12-20,"WXEJGNY",100,32,0,"No exception, count is accurate",32
"872",2021-12-26,"WXKNEWZ",100,36,0,"No exception, count is accurate",36
"873",2021-12-29,"WXOVRWM",100,28,0,"No exception, count is accurate",28
"874",2021-12-31,"WXUHQKN",100,28,0,"No exception, count is accurate",28
"875",2021-12-28,"WYEDXHX",100,31,0,"No exception, count is accurate",31
"876",2021-12-27,"WZBEWDY",100,29,1,"Refurbished_discount",15.2306502058636
"877",2021-12-18,"WZHRXLD",100,30,0,"No exception, count is accurate",30
"878",2021-12-29,"XCLUIJE",100,25,1,"Refurbished_discount",8.57262771460228
"879",2021-12-31,"XCNFMAY",100,25,1,"Misclassified",9.82870775042102
"880",2021-12-30,"XCOTMET",100,33,0,"No exception, count is accurate",33
"881",2021-12-25,"XDKODAO",100,32,0,"No exception, count is accurate",32
"882",2021-12-27,"XEHKRYL",100,40,0,"No exception, count is accurate",40
"883",2021-12-30,"XELPZEN",100,31,0,"No exception, count is accurate",31
"884",2021-12-27,"XFYDYRL",100,26,0,"No exception, count is accurate",26
"885",2021-12-23,"XGTLMAD",100,37,0,"No exception, count is accurate",37
"886",2021-12-28,"XHKBEBN",100,45,1,"Misclassified",41.8890067341272
"887",2021-12-21,"XIAMGCY",100,34,0,"No exception, count is accurate",34
"888",2021-12-28,"XIJLHXI",100,39,0,"No exception, count is accurate",39
"889",2021-12-27,"XISFEBN",100,31,0,"No exception, count is accurate",31
"890",2021-12-31,"XJBYESX",100,35,0,"No exception, count is accurate",35
"891",2021-12-23,"XJEAIAO",100,41,0,"No exception, count is accurate",41
"892",2021-12-27,"XLRKWVA",100,35,0,"No exception, count is accurate",35
"893",2021-12-28,"XMTTCDL",100,39,0,"No exception, count is accurate",39
"894",2021-12-29,"XNJZOPC",100,21,0,"No exception, count is accurate",21
"895",2021-12-31,"XPLUVGP",100,33,0,"No exception, count is accurate",33
"896",2021-12-30,"XPMQRLT",100,26,0,"No exception, count is accurate",26
"897",2021-12-30,"XSFEYPO",100,39,0,"No exception, count is accurate",39
"898",2021-12-29,"XSHFGHH",100,26,0,"No exception, count is accurate",26
"899",2021-12-27,"XUNWJQA",100,36,0,"No exception, count is accurate",36
"900",2021-12-30,"XVFHYMW",100,28,1,"Refurbished_discount",0.196344685740769
"901",2021-12-30,"XVJSNZO",100,26,0,"No exception, count is accurate",26
"902",2021-12-30,"XWFLVUZ",100,38,0,"No exception, count is accurate",38
"903",2021-12-30,"XWIVBQC",100,24,0,"No exception, count is accurate",24
"904",2021-12-27,"XWRSXHK",100,32,0,"No exception, count is accurate",32
"905",2021-12-31,"XXXYCPE",100,31,0,"No exception, count is accurate",31
"906",2021-12-19,"XYJBGXP",100,31,0,"No exception, count is accurate",31
"907",2021-12-29,"XZDXZFK",100,29,0,"No exception, count is accurate",29
"908",2021-12-29,"XZNVYNB",100,27,0,"No exception, count is accurate",27
"909",2021-12-30,"XZQIOUS",100,28,0,"No exception, count is accurate",28
"910",2021-12-27,"YADKWWI",100,35,0,"No exception, count is accurate",35
"911",2021-12-31,"YAWXMBW",100,32,0,"No exception, count is accurate",32
"912",2021-12-22,"YBKUMMI",100,26,0,"No exception, count is accurate",26
"913",2021-12-28,"YCKJQUQ",100,33,0,"No exception, count is accurate",33
"914",2021-12-31,"YEDIVIG",100,35,0,"No exception, count is accurate",35
"915",2021-12-26,"YEKUATE",100,23,0,"No exception, count is accurate",23
"916",2021-12-23,"YGYPJSZ",100,32,0,"No exception, count is accurate",32
"917",2021-12-31,"YHASPVN",100,36,1,"Open_box",33.7428091904148
"918",2021-12-31,"YIFSAZZ",100,28,0,"No exception, count is accurate",28
"919",2021-12-30,"YIYWLBC",100,26,1,"Refurbished_discount",15.6611450947821
"920",2021-12-31,"YJFIGRB",100,25,0,"No exception, count is accurate",25
"921",2021-12-29,"YJSTVXL",100,27,0,"No exception, count is accurate",27
"922",2021-12-28,"YKHCWFU",100,26,1,"Open_box",19.754008912947
"923",2021-12-29,"YKIZCSD",100,34,0,"No exception, count is accurate",34
"924",2021-12-30,"YKPKELC",100,28,0,"No exception, count is accurate",28
"925",2021-12-20,"YKSHAPY",100,35,0,"No exception, count is accurate",35
"926",2021-12-27,"YLHGYSU",100,32,0,"No exception, count is accurate",32
"927",2021-12-28,"YLLZVMX",100,27,0,"No exception, count is accurate",27
"928",2021-12-31,"YLPXDLT",100,28,0,"No exception, count is accurate",28
"929",2021-12-25,"YMVYEVF",100,24,0,"No exception, count is accurate",24
"930",2021-12-21,"YNCKNRE",100,24,0,"No exception, count is accurate",24
"931",2021-12-31,"YNLPIYI",100,42,0,"No exception, count is accurate",42
"932",2021-12-29,"YNTSDUO",100,27,0,"No exception, count is accurate",27
"933",2021-12-24,"YNXHEBF",100,28,0,"No exception, count is accurate",28
"934",2021-12-31,"YNZLQYZ",100,28,1,"Refurbished_discount",18.2106348238885
"935",2021-12-31,"YOADBFB",100,30,1,"Open_box",0.142867625690997
"936",2021-12-31,"YOJKLVD",100,37,0,"No exception, count is accurate",37
"937",2021-12-26,"YOLKAXD",100,35,0,"No exception, count is accurate",35
"938",2021-12-30,"YPNPGIS",100,27,0,"No exception, count is accurate",27
"939",2021-12-31,"YPWRNMO",100,25,0,"No exception, count is accurate",25
"940",2021-12-30,"YQFIDDC",100,30,0,"No exception, count is accurate",30
"941",2021-12-28,"YRAFUEC",100,21,1,"Refurbished_discount",1.06964197615162
"942",2021-12-31,"YRAMQFL",100,31,0,"No exception, count is accurate",31
"943",2021-12-29,"YRCHVMJ",100,30,0,"No exception, count is accurate",30
"944",2021-12-21,"YRLPJEU",100,26,0,"No exception, count is accurate",26
"945",2021-12-27,"YTEAFJC",100,19,1,"Open_box",5.28458518628031
"946",2021-12-29,"YVCXATX",100,31,0,"No exception, count is accurate",31
"947",2021-12-28,"YWBPDCJ",100,32,0,"No exception, count is accurate",32
"948",2021-12-28,"YWEFIEX",100,25,0,"No exception, count is accurate",25
"949",2021-12-28,"YWVQSFC",100,30,0,"No exception, count is accurate",30
"950",2021-12-29,"YWWADQI",100,23,0,"No exception, count is accurate",23
"951",2021-12-30,"YXIUTSP",100,28,0,"No exception, count is accurate",28
"952",2021-12-30,"YXNPZRC",100,30,0,"No exception, count is accurate",30
"953",2021-12-27,"YXZSNIC",100,34,0,"No exception, count is accurate",34
"954",2021-12-31,"YYGLXIS",100,29,0,"No exception, count is accurate",29
"955",2021-12-29,"YYKNTSI",100,26,0,"No exception, count is accurate",26
"956",2021-12-28,"YYQNULM",100,41,0,"No exception, count is accurate",41
"957",2021-12-22,"YYTIJCT",100,32,0,"No exception, count is accurate",32
"958",2021-12-31,"YYZGYXC",100,30,1,"Obsolete_markdown",19.984069482889
"959",2021-12-26,"YZYZBCK",100,27,0,"No exception, count is accurate",27
"960",2021-12-28,"ZANKSQY",100,30,0,"No exception, count is accurate",30
"961",2021-12-29,"ZAWNPJN",100,31,0,"No exception, count is accurate",31
"962",2021-12-23,"ZBCUFKL",100,26,0,"No exception, count is accurate",26
"963",2021-12-29,"ZDBIPKM",100,24,0,"No exception, count is accurate",24
"964",2021-12-29,"ZDDZJZA",100,27,0,"No exception, count is accurate",27
"965",2021-12-23,"ZDEUTFG",100,27,0,"No exception, count is accurate",27
"966",2021-12-30,"ZEAOKZJ",100,28,1,"Refurbished_discount",25.210448066704
"967",2021-12-30,"ZFAGHES",100,30,0,"No exception, count is accurate",30
"968",2021-12-27,"ZFWFGIX",100,35,0,"No exception, count is accurate",35
"969",2021-12-25,"ZGVDTEK",100,21,1,"Refurbished_discount",8.73752605821937
"970",2021-12-31,"ZGXXXAA",100,24,0,"No exception, count is accurate",24
"971",2021-12-30,"ZHMHASO",100,30,0,"No exception, count is accurate",30
"972",2021-12-29,"ZHNLFDZ",100,25,0,"No exception, count is accurate",25
"973",2021-12-29,"ZHVHQQY",100,21,0,"No exception, count is accurate",21
"974",2021-12-29,"ZIFSLXQ",100,28,0,"No exception, count is accurate",28
"975",2021-12-29,"ZIOKYJU",100,30,0,"No exception, count is accurate",30
"976",2021-12-30,"ZJCESRZ",100,31,0,"No exception, count is accurate",31
"977",2021-12-30,"ZJIDQTG",100,34,0,"No exception, count is accurate",34
"978",2021-12-29,"ZJIPQSH",100,38,1,"Damaged",13.66006203508
"979",2021-12-30,"ZJLPOQY",100,22,0,"No exception, count is accurate",22
"980",2021-12-31,"ZLBJNEZ",100,21,0,"No exception, count is accurate",21
"981",2021-12-30,"ZLEMEGP",100,32,0,"No exception, count is accurate",32
"982",2021-12-31,"ZLGYUWX",100,32,0,"No exception, count is accurate",32
"983",2021-12-29,"ZLPVBCE",100,23,0,"No exception, count is accurate",23
"984",2021-12-30,"ZMVYMSL",100,30,0,"No exception, count is accurate",30
"985",2021-12-29,"ZOBMDHD",100,35,0,"No exception, count is accurate",35
"986",2021-12-23,"ZOFBOHP",100,36,0,"No exception, count is accurate",36
"987",2021-12-31,"ZONIFVF",100,40,1,"Misclassified",19.1003128699958
"988",2021-12-27,"ZOONWEH",100,25,0,"No exception, count is accurate",25
"989",2021-12-27,"ZOWEBTG",100,19,0,"No exception, count is accurate",19
"990",2021-12-31,"ZPDNNZR",100,27,0,"No exception, count is accurate",27
"991",2021-12-29,"ZQDOWGJ",100,27,0,"No exception, count is accurate",27
"992",2021-12-31,"ZQRKKBY",100,33,0,"No exception, count is accurate",33
"993",2021-12-29,"ZQUOHES",100,28,0,"No exception, count is accurate",28
"994",2021-12-31,"ZSVMNTO",100,26,0,"No exception, count is accurate",26
"995",2021-12-27,"ZTGZKTM",100,21,0,"No exception, count is accurate",21
"996",2021-12-23,"ZTZSZUC",100,32,0,"No exception, count is accurate",32
"997",2021-12-28,"ZWQVVJS",100,23,0,"No exception, count is accurate",23
"998",2021-12-28,"ZXJJHEM",100,31,0,"No exception, count is accurate",31
"999",2021-12-28,"ZXOYLMM",100,30,1,"Damaged",4.5280792331323
"1000",2021-12-25,"ZZXIYOG",100,28,0,"No exception, count is accurate",28
